relative_path,current_filename,proposed_keyword
kb-directory.md,kb-directory.md,KNOWLEDGE-BASE-DIRECTORY
tag-glossary-definition.md,tag-glossary-definition.md,TAG-GLOSSARY
TODO-MASTER-LIST.md,TODO-MASTER-LIST.md,MASTER-TODO-LIST
_key_definitions.md,_key_definitions.md,GLOBAL-KEY-DEFINITIONS
standards/COL-ARCH-UNIVERSAL.md,COL-ARCH-UNIVERSAL.md,ARCH-UNIVERSAL
standards/COL-CONTENT-UNIVERSAL.md,COL-CONTENT-UNIVERSAL.md,CONTENT-UNIVERSAL
standards/COL-GOVERNANCE-UNIVERSAL.md,COL-GOVERNANCE-UNIVERSAL.md,GOVERNANCE-UNIVERSAL
standards/COL-LINKING-UNIVERSAL.md,COL-LINKING-UNIVERSAL.md,LINKING-UNIVERSAL
standards/COL-SYNTAX-MARKDOWN.md,COL-SYNTAX-MARKDOWN.md,SYNTAX-MARKDOWN
standards/COL-TOOLING-OBSIDIAN.md,COL-TOOLING-OBSIDIAN.md,TOOLING-OBSIDIAN
standards/GLOSSARY-STANDARDS-TERMS.md,GLOSSARY-STANDARDS-TERMS.md,STANDARDS-TERMINOLOGY
standards/GUIDE-KB-USAGE-AND-STANDARDS.md,GUIDE-KB-USAGE-AND-STANDARDS.md,KB-USAGE-AND-STANDARDS
standards/GUIDE-TASK-BASED.md,GUIDE-TASK-BASED.md,TASK-BASED
standards/LLM-AUTOMATION-IO-SCHEMA-001.md,LLM-AUTOMATION-IO-SCHEMA-001.md,LLM-AUTOMATION-INPUT-OUTPUT-SCHEMAS
standards/M-CONDITIONAL-TEXT-SYNTAX-001.md,M-CONDITIONAL-TEXT-SYNTAX-001.md,MARKDOWN-SYNTAX-CONDITIONAL-TEXT
standards/M-SYNTAX-TODO-001.md,M-SYNTAX-TODO-001.md,MARKDOWN-SYNTAX-TODO-ITEMS
standards/root.md,root.md,OVERVIEW
standards/U-ARCH-003-Directory-Structure-Source-Render.md,U-ARCH-003-Directory-Structure-Source-Render.md,DIRECTORY-STRUCTURE-SOURCE-RENDERED-CONTENT
standards/U-KEYREF-MANAGEMENT-001.md,U-KEYREF-MANAGEMENT-001.md,KEY-BASED-REFERENCING-MANAGEMENT
standards/U-KEYREF-SYNTAX-001.md,U-KEYREF-SYNTAX-001.md,KEY-BASED-REFERENCING-SYNTAX
standards/U-METADATA-FRONTMATTER-RULES-001.md,U-METADATA-FRONTMATTER-RULES-001.md,FRONTMATTER-STRUCTURE-CONTENT-RULES
standards/U-METADATA-SLUG-KEY-001.md,U-METADATA-SLUG-KEY-001.md,SLUG-YAML-KEY-URLS
standards/U-PUBLISHING-PIPELINE-OVERVIEW-001.md,U-PUBLISHING-PIPELINE-OVERVIEW-001.md,PUBLISHING-PIPELINE-OVERVIEW
standards/U-RELTABLE-DEFINITION-001.md,U-RELTABLE-DEFINITION-001.md,RELATIONSHIP-TABLE-DEFINITION
standards/U-SCHEMA-REFERENCE-001.md,U-SCHEMA-REFERENCE-001.md,CONTENT-SCHEMA-REFERENCE-TOPICS
standards/U-SCHEMA-TASK-001.md,U-SCHEMA-TASK-001.md,CONTENT-SCHEMA-TASK-TOPICS
standards/U-VALIDATION-METADATA-001.md,U-VALIDATION-METADATA-001.md,METADATA-VALUE-VALIDATION
standards/_kb_definition.md,_kb_definition.md,UNIVERSAL-KNOWLEDGE-BASE-STANDARDS
templates/canonical-frontmatter-template.md,canonical-frontmatter-template.md,DOCUMENT-TITLE
templates/chapter-template.md,chapter-template.md,CHAPTER-TITLE
templates/concept-schema-template.md,concept-schema-template.md,CONCEPT-NAME
templates/methodology-schema-template.md,methodology-schema-template.md,METHODOLOGY-NAME
templates/reference-topic-template.md,reference-topic-template.md,REFERENCE-ITEM-NAME
templates/task-topic-template.md,task-topic-template.md,TASK-TITLE-VERB-FIRST
